"data";"Freq"
"1";"ispi_1011";605
"2";"ispi_1012";9
"3";"ispi_1013";6
"4";"ispi_1014";11
"5";"ispi_1015";26
"6";"ispi_1016";2
"7";"ispi_1017";7
"8";"ispi_1018";4
"9";"ispi_1019";6
"10";"ispi_1020";10
"11";"ispi_1021";10
"12";"ispi_1022";11
"13";"ispi_1023";6
"14";"ispi_1024";4
"15";"ispi_1025";6
"16";"ispi_1026";3
"17";"ispi_1027";16
"18";"ispi_1028";9
"19";"ispi_1029";10
"20";"ispi_1030";14
"21";"ispi_1031";3
"22";"ispi_1032";2
"23";"ispi_1033";15
"24";"ispi_1034";19
"25";"ispi_1035";19
"26";"ispi_1036";6
"27";"ispi_1037";33
"28";"ispi_1038";6
"29";"ispi_1039";5
"30";"ispi_1040";24
"31";"ispi_1041";8
"32";"ispi_1042";6
"33";"ispi_1043";10
"34";"ispi_1044";4
"35";"ispi_1045";10
"36";"ispi_1046";4
"37";"ispi_1047";2
"38";"ispi_1048";16
"39";"ispi_1049";17
"40";"ispi_1050";8
"41";"ispi_1051";42
"42";"ispi_1052";28
"43";"ispi_1053";32
"44";"ispi_1054";2
"45";"ispi_1055";7
"46";"ispi_1056";6
"47";"ispi_1057";7
"48";"ispi_1058";10
"49";"ispi_1059";15
"50";"ispi_1060";6
"51";"ispi_1061";10
"52";"ispi_1062";5
"53";"ispi_1063";18
"54";"ispi_1064";3
"55";"ispi_1065";10
"56";"ispi_1066";6
"57";"ispi_1067";10
"58";"ispi_1068";10
"59";"ispi_1069";10
"60";"ispi_1070";8
"61";"ispi_1071";9
"62";"ispi_1072";10
"63";"ispi_1073";18
"64";"ispi_1074";17
"65";"ispi_1075";10
"66";"ispi_1076";2
"67";"ispi_1077";6
"68";"ispi_1078";7
"69";"ispi_1079";12
"70";"ispi_1080";36
"71";"ispi_1081";10
"72";"ispi_1082";3
"73";"ispi_1083";1
"74";"ispi_1084";20
"75";"ispi_1085";3
"76";"ispi_1086";6
"77";"ispi_1087";7
"78";"ispi_1088";35
"79";"ispi_1089";43
"80";"ispi_1090";25
"81";"ispi_1091";17
"82";"ispi_1092";5
"83";"ispi_1093";1
"84";"ispi_1094";39
"85";"ispi_1095";6
"86";"ispi_1096";2
"87";"ispi_1097";31
"88";"ispi_1098";20
"89";"ispi_1099";24
"90";"ispi_1100";10
"91";"ispi_1101";18
"92";"ispi_1102";4
"93";"ispi_1103";18
"94";"ispi_1104";22
"95";"ispi_1105";7
"96";"ispi_1106";5
"97";"ispi_1107";5
"98";"ispi_1108";3
"99";"ispi_1109";6
"100";"ispi_1110";13
"101";"ispi_1111";9
"102";"ispi_1112";33
"103";"ispi_1113";35
"104";"ispi_1114";6
"105";"ispi_1115";10
"106";"ispi_1116";4
"107";"ispi_1117";10
"108";"ispi_1118";1
"109";"ispi_1119";25
"110";"ispi_1120";6
"111";"ispi_1121";2
"112";"ispi_1122";6
"113";"ispi_1123";2
"114";"ispi_1124";11
"115";"ispi_1125";25
"116";"ispi_1126";16
"117";"ispi_1127";9
"118";"ispi_1128";6
"119";"ispi_1129";10
"120";"ispi_1130";10
"121";"ispi_1131";5
"122";"ispi_1132";10
"123";"ispi_1133";14
"124";"ispi_1134";31
"125";"ispi_1135";9
"126";"ispi_1136";2
"127";"ispi_1137";18
"128";"ispi_1138";6
"129";"ispi_1139";12
"130";"ispi_1140";1
"131";"ispi_1141";10
"132";"ispi_1142";17
"133";"ispi_1143";34
"134";"ispi_1144";6
"135";"ispi_1145";7
"136";"ispi_1146";48
"137";"ispi_1147";10
"138";"ispi_1148";10
"139";"ispi_1149";11
"140";"ispi_1150";6
"141";"ispi_1151";25
"142";"ispi_1152";12
"143";"ispi_1153";6
"144";"ispi_1154";10
"145";"ispi_1155";14
"146";"ispi_1156";10
"147";"ispi_1157";22
"148";"ispi_1158";6
"149";"ispi_1159";2
"150";"ispi_1160";10
"151";"ispi_1161";20
"152";"ispi_1162";22
"153";"ispi_1163";4
"154";"ispi_1164";2
"155";"ispi_1165";3
"156";"ispi_1166";2
"157";"ispi_1167";10
"158";"ispi_1168";3
"159";"ispi_1169";8
"160";"ispi_1170";6
"161";"ispi_1171";14
"162";"ispi_1172";4
"163";"ispi_1173";8
"164";"ispi_1174";1
"165";"ispi_1175";10
"166";"ispi_1176";9
"167";"ispi_1177";17
"168";"ispi_1178";22
"169";"ispi_1179";2
"170";"ispi_1180";9
"171";"ispi_1181";1
"172";"ispi_1182";6
"173";"ispi_1183";10
"174";"ispi_1184";11
"175";"ispi_1185";6
"176";"ispi_1186";10
"177";"ispi_1187";16
"178";"ispi_1188";6
"179";"ispi_1189";2
"180";"ispi_1190";4
"181";"ispi_1191";9
"182";"ispi_1192";11
"183";"ispi_1193";19
"184";"ispi_1194";4
"185";"ispi_1195";9
"186";"ispi_1196";23
"187";"ispi_1197";65
"188";"ispi_1198";11
"189";"ispi_1199";11
"190";"ispi_1200";20
"191";"ispi_1201";6
"192";"ispi_1202";20
"193";"ispi_1203";25
"194";"ispi_1204";10
"195";"ispi_1205";55
"196";"ispi_1206";15
"197";"ispi_1207";4
"198";"ispi_1208";2
"199";"ispi_1209";18
"200";"ispi_1210";11
"201";"ispi_1211";3
"202";"ispi_1212";25
"203";"ispi_1213";2
"204";"ispi_1214";3
"205";"ispi_1215";17
"206";"ispi_1216";49
"207";"ispi_1217";2
"208";"ispi_1218";10
"209";"ispi_1219";14
"210";"ispi_1220";9
"211";"ispi_1221";3
"212";"ispi_1222";21
"213";"ispi_1223";26
"214";"ispi_1224";10
"215";"ispi_1225";4
"216";"ispi_1226";52
"217";"ispi_1227";9
"218";"ispi_1228";10
"219";"ispi_1229";20
"220";"ispi_1230";27
"221";"ispi_1231";15
"222";"ispi_1232";10
"223";"ispi_1233";70
"224";"ispi_1234";8
"225";"ispi_1235";7
"226";"ispi_1236";10
"227";"ispi_1237";17
"228";"ispi_1238";9
"229";"ispi_1239";10
"230";"ispi_1240";4
"231";"ispi_1241";33
"232";"ispi_1242";23
"233";"ispi_1243";8
"234";"ispi_1244";17
"235";"ispi_1245";14
"236";"ispi_1246";10
"237";"ispi_1247";14
"238";"ispi_1248";6
"239";"ispi_1249";5
"240";"ispi_1250";9
"241";"ispi_1251";3
"242";"ispi_1252";12
"243";"ispi_1253";10
"244";"ispi_1254";20
"245";"ispi_1255";9
"246";"ispi_1256";23
"247";"ispi_1257";25
"248";"ispi_1258";27
"249";"ispi_1259";10
"250";"ispi_1260";9
"251";"ispi_1261";4
"252";"ispi_1262";10
"253";"ispi_1263";1
"254";"ispi_1264";18
"255";"ispi_1265";17
"256";"ispi_1266";18
"257";"ispi_1267";16
"258";"ispi_1268";2
"259";"ispi_1269";9
"260";"ispi_1270";9
"261";"ispi_1271";25
"262";"ispi_1272";5
"263";"ispi_1273";6
"264";"ispi_1274";4
"265";"ispi_1275";15
"266";"ispi_1276";7
"267";"ispi_1277";4
"268";"ispi_1278";36
"269";"ispi_1279";20
"270";"ispi_1280";2
"271";"ispi_1281";2
"272";"ispi_1282";6
"273";"ispi_1283";9
"274";"ispi_1284";33
"275";"ispi_1285";11
"276";"ispi_1286";36
"277";"ispi_1287";12
"278";"ispi_1288";20
"279";"ispi_1289";16
"280";"ispi_1290";13
"281";"ispi_1291";16
"282";"ispi_1292";4
"283";"ispi_1293";10
"284";"ispi_1294";6
"285";"ispi_1295";12
"286";"ispi_1296";6
"287";"ispi_1297";25
"288";"ispi_1298";25
"289";"ispi_1299";16
"290";"ispi_1300";37
"291";"ispi_1301";23
"292";"ispi_1302";52
"293";"ispi_1303";22
"294";"ispi_1304";14
"295";"ispi_1305";14
"296";"ispi_1306";10
"297";"ispi_1307";38
"298";"ispi_1308";8
"299";"ispi_1309";34
"300";"ispi_1310";18
"301";"ispi_1311";2
"302";"ispi_1312";7
"303";"ispi_1313";6
"304";"ispi_1314";19
"305";"ispi_1315";6
"306";"ispi_1316";20
"307";"ispi_1317";14
"308";"ispi_1318";4
"309";"ispi_1319";5
"310";"ispi_1320";37
"311";"ispi_1321";10
"312";"ispi_1322";22
"313";"ispi_1323";25
"314";"ispi_1324";10
"315";"ispi_1325";6
"316";"ispi_1326";3
"317";"ispi_1327";41
"318";"ispi_1328";6
"319";"ispi_1329";10
"320";"ispi_1330";10
"321";"ispi_1331";2
"322";"ispi_1332";6
"323";"ispi_1333";21
"324";"ispi_1334";8
"325";"ispi_1335";10
"326";"ispi_1336";3
"327";"ispi_1337";4
"328";"ispi_1338";8
"329";"ispi_1339";8
"330";"ispi_1340";17
"331";"ispi_1341";42
"332";"ispi_1342";27
"333";"ispi_1343";2
"334";"ispi_1344";5
"335";"ispi_1345";6
"336";"ispi_1346";7
"337";"ispi_1347";35
"338";"ispi_1348";6
"339";"ispi_1349";11
"340";"ispi_1350";16
"341";"ispi_1351";24
"342";"ispi_1352";30
"343";"ispi_1353";29
"344";"ispi_1354";31
"345";"ispi_1355";11
"346";"ispi_1356";10
"347";"ispi_1357";10
"348";"ispi_1358";7
"349";"ispi_1359";7
"350";"ispi_1360";8
"351";"ispi_1361";8
"352";"ispi_1362";23
"353";"ispi_1363";2
"354";"ispi_1364";10
"355";"ispi_1365";2
"356";"ispi_1366";14
"357";"ispi_1367";8
"358";"ispi_1368";36
"359";"ispi_1369";10
"360";"ispi_1370";5
"361";"ispi_1371";2
"362";"ispi_1372";3
"363";"ispi_1373";34
"364";"ispi_1374";18
"365";"ispi_1375";10
"366";"ispi_1376";8
"367";"ispi_1377";20
"368";"ispi_1378";10
"369";"ispi_1379";25
"370";"ispi_1380";29
"371";"ispi_1381";4
"372";"ispi_1382";36
"373";"ispi_1383";25
"374";"ispi_1384";8
"375";"ispi_1385";23
"376";"ispi_1386";5
"377";"ispi_1387";1
"378";"ispi_1388";36
"379";"ispi_1389";10
"380";"ispi_1390";6
"381";"ispi_1391";25
"382";"ispi_1392";25
"383";"ispi_1393";20
"384";"ispi_1394";6
"385";"ispi_1395";1
"386";"ispi_1396";10
"387";"ispi_1397";20
"388";"ispi_1398";13
"389";"ispi_1399";6
"390";"ispi_1400";4
"391";"ispi_1401";10
"392";"ispi_1402";11
"393";"ispi_1403";37
"394";"ispi_1404";4
"395";"ispi_1405";4
"396";"ispi_1406";10
"397";"ispi_1407";17
"398";"ispi_1408";4
"399";"ispi_1409";6
"400";"ispi_1410";10
"401";"ispi_1411";19
"402";"ispi_1412";14
"403";"ispi_1413";1
"404";"ispi_1414";10
"405";"ispi_1415";1
"406";"ispi_1416";10
"407";"ispi_1417";4
"408";"ispi_1418";16
"409";"ispi_1419";4
"410";"ispi_1420";16
"411";"ispi_1421";16
"412";"ispi_1422";10
"413";"ispi_1423";1
"414";"ispi_1424";10
"415";"ispi_1425";6
"416";"ispi_1426";21
"417";"ispi_1427";11
"418";"ispi_1428";9
"419";"ispi_1429";27
"420";"ispi_1430";8
"421";"ispi_1431";6
"422";"ispi_1432";10
"423";"ispi_1433";35
"424";"ispi_1434";35
"425";"ispi_1435";1
"426";"ispi_1436";13
"427";"ispi_1437";6
"428";"ispi_1438";7
"429";"ispi_1439";10
"430";"ispi_1440";10
"431";"ispi_1441";4
"432";"ispi_1442";6
"433";"ispi_1443";10
"434";"ispi_1444";10
"435";"ispi_1445";4
"436";"ispi_1446";10
"437";"ispi_1447";44
"438";"ispi_1448";7
"439";"ispi_1449";10
"440";"ispi_1450";14
"441";"ispi_1451";7
"442";"ispi_1452";2
"443";"ispi_1453";7
"444";"ispi_1454";27
"445";"ispi_1455";9
"446";"ispi_1456";15
"447";"ispi_1457";2
"448";"ispi_1458";10
"449";"ispi_1459";4
"450";"ispi_1460";5
"451";"ispi_1461";10
"452";"ispi_1462";6
"453";"ispi_1463";39
"454";"ispi_1464";33
"455";"ispi_1465";4
"456";"ispi_1466";11
"457";"ispi_1467";9
"458";"ispi_1468";9
"459";"ispi_1469";13
"460";"ispi_1470";20
"461";"ispi_1471";3
"462";"ispi_1472";48
"463";"ispi_1473";25
"464";"ispi_1474";32
"465";"ispi_1475";4
"466";"ispi_1476";23
"467";"ispi_1477";7
"468";"ispi_1478";18
"469";"ispi_1479";4
"470";"ispi_1480";9
"471";"ispi_1481";6
"472";"ispi_1482";36
"473";"ispi_1483";8
"474";"ispi_1484";11
"475";"ispi_1485";13
"476";"ispi_1486";6
"477";"ispi_1487";16
"478";"ispi_1488";4
"479";"ispi_1489";15
"480";"ispi_1490";2
"481";"ispi_1491";10
"482";"ispi_1492";9
"483";"ispi_1493";2
"484";"ispi_1494";7
"485";"ispi_1495";11
"486";"ispi_1496";19
"487";"ispi_1497";6
"488";"ispi_1498";27
"489";"ispi_1499";40
"490";"ispi_1500";16
"491";"ispi_1501";16
"492";"ispi_1502";25
"493";"ispi_1503";20
"494";"ispi_1504";27
"495";"ispi_1505";9
"496";"ispi_1506";36
"497";"ispi_1507";2
"498";"ispi_1508";2
"499";"ispi_1509";16
"500";"ispi_1510";7
"501";"ispi_1511";2
"502";"ispi_1512";2
"503";"ispi_1513";11
"504";"ispi_1514";10
"505";"ispi_1515";25
"506";"ispi_1516";36
"507";"ispi_1517";25
"508";"ispi_1518";32
"509";"ispi_1519";13
"510";"ispi_1520";2
"511";"ispi_1521";35
"512";"ispi_1522";9
"513";"ispi_1523";10
"514";"ispi_1524";10
"515";"ispi_1525";20
"516";"ispi_1526";1
"517";"ispi_1527";31
"518";"ispi_1528";2
"519";"ispi_1529";9
"520";"ispi_1530";10
"521";"ispi_1531";6
"522";"ispi_1532";2
"523";"ispi_1533";10
"524";"ispi_1534";2
"525";"ispi_1535";2
"526";"ispi_1536";9
"527";"ispi_1537";7
"528";"ispi_1538";19
"529";"ispi_1539";3
"530";"ispi_1540";9
"531";"ispi_1541";2
"532";"ispi_1542";6
"533";"ispi_1543";7
"534";"ispi_1544";27
"535";"ispi_1545";10
"536";"ispi_1546";15
"537";"ispi_1547";4
"538";"ispi_1548";7
"539";"ispi_1549";23
"540";"ispi_1550";27
"541";"ispi_1551";11
"542";"ispi_1552";9
"543";"ispi_1553";9
"544";"ispi_1554";1
"545";"ispi_1555";7
"546";"ispi_1556";9
"547";"ispi_1557";13
"548";"ispi_1558";35
"549";"ispi_1559";8
"550";"ispi_1560";3
"551";"ispi_1561";9
"552";"ispi_1562";11
"553";"ispi_1563";10
"554";"ispi_1564";9
"555";"ispi_1565";10
"556";"ispi_1566";10
"557";"ispi_1567";17
"558";"ispi_1568";19
"559";"ispi_1569";2
"560";"ispi_1570";21
"561";"ispi_1571";11
"562";"ispi_1572";17
"563";"ispi_1573";9
"564";"ispi_1574";9
"565";"ispi_1575";25
"566";"ispi_1576";16
"567";"ispi_1577";9
"568";"ispi_1578";16
"569";"ispi_1579";18
"570";"ispi_1580";1
"571";"ispi_1581";4
"572";"ispi_1582";35
"573";"ispi_1583";8
"574";"ispi_1584";20
"575";"ispi_1585";8
"576";"ispi_1586";10
"577";"ispi_1587";16
"578";"ispi_1588";11
"579";"ispi_1589";2
"580";"ispi_1590";10
"581";"ispi_1591";7
"582";"ispi_1592";6
"583";"ispi_1593";2
"584";"ispi_1594";7
"585";"ispi_1595";25
"586";"ispi_1596";10
"587";"ispi_1597";10
"588";"ispi_1598";27
"589";"ispi_1599";21
"590";"ispi_1600";3
"591";"ispi_1601";9
"592";"ispi_1602";11
"593";"ispi_1603";6
"594";"ispi_1604";25
"595";"ispi_1605";6
"596";"ispi_1606";10
"597";"ispi_1607";8
"598";"ispi_1608";32
"599";"ispi_1609";16
"600";"ispi_1610";5
"601";"ispi_1611";2
"602";"ispi_1612";7
"603";"ispi_1613";20
"604";"ispi_1614";6
"605";"ispi_1615";2
"606";"ispi_1616";18
"607";"ispi_1617";17
"608";"ispi_1618";15
"609";"ispi_1619";10
"610";"ispi_1620";49
"611";"ispi_1621";10
"612";"ispi_1622";6
"613";"ispi_1623";2
"614";"ispi_1624";13
"615";"ispi_1625";4
"616";"ispi_1626";24
"617";"ispi_1627";18
"618";"ispi_1628";40
"619";"ispi_1629";25
"620";"ispi_1630";27
"621";"ispi_1631";14
"622";"ispi_1632";10
"623";"ispi_1633";16
"624";"ispi_1634";6
"625";"ispi_1635";5
"626";"ispi_1636";10
"627";"ispi_1637";2
"628";"ispi_1638";28
"629";"ispi_1639";9
"630";"ispi_1640";25
"631";"ispi_1641";13
"632";"ispi_1642";15
"633";"ispi_1643";9
"634";"ispi_1644";2
"635";"ispi_1645";10
"636";"ispi_1646";15
"637";"ispi_1647";9
"638";"ispi_1648";25
"639";"ispi_1649";18
"640";"ispi_1650";13
"641";"ispi_1651";6
"642";"ispi_1652";2
"643";"ispi_1653";6
"644";"ispi_1654";13
"645";"ispi_1655";8
"646";"ispi_1656";1
"647";"ispi_1657";4
"648";"ispi_1658";6
"649";"ispi_1659";6
"650";"ispi_1660";7
"651";"ispi_1661";1
"652";"ispi_1662";3
"653";"ispi_1663";3
"654";"ispi_1664";16
"655";"ispi_1665";16
"656";"ispi_1666";9
"657";"ispi_1667";9
"658";"ispi_1668";9
"659";"ispi_1669";42
"660";"ispi_1670";4
"661";"ispi_1671";33
"662";"ispi_1672";19
"663";"ispi_1673";1
"664";"ispi_1674";25
"665";"ispi_1675";8
"666";"ispi_1676";10
"667";"ispi_1677";10
"668";"ispi_1678";15
"669";"ispi_1679";10
"670";"ispi_1680";4
"671";"ispi_1681";20
"672";"ispi_1682";8
"673";"ispi_1683";41
"674";"ispi_1684";11
"675";"ispi_1685";2
"676";"ispi_1686";35
"677";"ispi_1687";16
"678";"ispi_1688";7
"679";"ispi_1689";1
"680";"ispi_1690";2
"681";"ispi_1691";6
"682";"ispi_1692";25
"683";"ispi_1693";4
"684";"ispi_1694";15
"685";"ispi_1695";68
"686";"ispi_1696";4
"687";"ispi_1697";8
"688";"ispi_1698";26
"689";"ispi_1699";39
"690";"ispi_1700";4
"691";"ispi_1701";8
"692";"ispi_1702";10
"693";"ispi_1703";41
"694";"ispi_1704";2
"695";"ispi_1705";18
"696";"ispi_1706";5
"697";"ispi_1707";9
"698";"ispi_1708";10
"699";"ispi_1709";10
"700";"ispi_1710";16
"701";"ispi_1711";7
"702";"ispi_1712";12
"703";"ispi_1713";2
"704";"ispi_1714";70
"705";"ispi_1715";11
"706";"ispi_1716";5
"707";"ispi_1717";10
"708";"ispi_1718";20
"709";"ispi_1719";8
"710";"ispi_1720";13
"711";"ispi_1721";11
"712";"ispi_1722";7
"713";"ispi_1723";8
"714";"ispi_1724";22
"715";"ispi_1725";2
"716";"ispi_1726";1
"717";"ispi_1727";2
"718";"ispi_1728";25
"719";"ispi_1729";8
"720";"ispi_1730";10
"721";"ispi_1731";10
"722";"ispi_1732";20
"723";"ispi_1733";2
"724";"ispi_1734";38
"725";"ispi_1735";10
"726";"ispi_1736";10
"727";"ispi_1737";6
"728";"ispi_1738";10
"729";"ispi_1739";3
"730";"ispi_1740";10
"731";"ispi_1741";19
"732";"ispi_1742";16
"733";"ispi_1743";4
"734";"ispi_1744";31
"735";"ispi_1745";18
"736";"ispi_1746";9
"737";"ispi_1747";17
"738";"ispi_1748";11
"739";"ispi_1749";37
"740";"ispi_1750";10
"741";"ispi_1751";15
"742";"ispi_1752";8
"743";"ispi_1753";6
"744";"ispi_1754";10
"745";"ispi_1755";9
"746";"ispi_1756";10
"747";"ispi_1757";4
"748";"ispi_1758";8
"749";"ispi_1759";4
"750";"ispi_1760";6
"751";"ispi_1761";14
"752";"ispi_1762";9
"753";"ispi_1763";15
"754";"ispi_1764";2
"755";"ispi_1765";13
"756";"ispi_1766";6
"757";"ispi_1767";4
"758";"ispi_1768";7
"759";"ispi_1769";44
"760";"ispi_1770";64
"761";"ispi_1771";10
"762";"ispi_1772";8
"763";"ispi_1773";8
"764";"ispi_1774";6
"765";"ispi_1775";11
"766";"ispi_1776";16
"767";"ispi_1777";10
"768";"ispi_1778";6
"769";"ispi_1779";1
"770";"ispi_1780";51
"771";"ispi_1781";6
"772";"ispi_1782";10
"773";"ispi_1783";10
"774";"ispi_1784";19
"775";"ispi_1785";10
"776";"ispi_1786";9
"777";"ispi_1787";4
"778";"ispi_1788";16
"779";"ispi_1789";1
"780";"ispi_1790";25
"781";"ispi_1791";1
"782";"ispi_1792";5
"783";"ispi_1793";4
"784";"ispi_1794";35
"785";"ispi_1795";10
"786";"ispi_1796";23
"787";"ispi_1797";9
"788";"ispi_1798";10
"789";"ispi_1799";10
"790";"ispi_1800";10
"791";"ispi_1801";25
"792";"ispi_1802";37
"793";"ispi_1803";6
"794";"ispi_1804";6
"795";"ispi_1805";21
"796";"ispi_1806";6
"797";"ispi_1807";9
"798";"ispi_1808";2
"799";"ispi_1809";25
"800";"ispi_1810";1
"801";"ispi_1811";4
"802";"ispi_1812";2
"803";"ispi_1813";10
"804";"ispi_1814";2
"805";"ispi_1815";10
"806";"ispi_1816";4
"807";"ispi_1817";10
"808";"ispi_1818";6
"809";"ispi_1819";6
"810";"ispi_1820";10
"811";"ispi_1821";10
"812";"ispi_1822";13
"813";"ispi_1823";16
"814";"ispi_1824";10
"815";"ispi_1825";4
"816";"ispi_1826";24
"817";"ispi_1827";10
"818";"ispi_1828";6
"819";"ispi_1829";10
"820";"ispi_1830";2
"821";"ispi_1831";1
"822";"ispi_1832";15
"823";"ispi_1833";6
"824";"ispi_1834";7
"825";"ispi_1835";30
"826";"ispi_1836";21
"827";"ispi_1837";10
"828";"ispi_1838";22
"829";"ispi_1839";24
"830";"ispi_1840";10
"831";"ispi_1841";2
"832";"ispi_1842";10
"833";"ispi_1843";14
"834";"ispi_1844";4
"835";"ispi_1845";25
"836";"ispi_1846";20
"837";"ispi_1847";19
"838";"ispi_1848";10
"839";"ispi_1849";5
"840";"ispi_1850";3
"841";"ispi_1851";10
"842";"ispi_1852";11
"843";"ispi_1853";25
"844";"ispi_1854";38
"845";"ispi_1855";14
"846";"ispi_1856";9
"847";"ispi_1857";6
"848";"ispi_1858";10
"849";"ispi_1859";8
"850";"ispi_1860";6
"851";"ispi_1861";20
"852";"ispi_1862";33
"853";"ispi_1863";6
"854";"ispi_1864";11
"855";"ispi_1865";8
"856";"ispi_1866";8
"857";"ispi_1867";6
"858";"ispi_1868";2
"859";"ispi_1869";11
"860";"ispi_1870";10
"861";"ispi_1871";12
"862";"ispi_1872";10
"863";"ispi_1873";18
"864";"ispi_1874";6
"865";"ispi_1875";4
"866";"ispi_1876";32
"867";"ispi_1877";1
"868";"uspi_0";1
"869";"uspi_1";1
"870";"uspi_10";1
"871";"uspi_100";1
"872";"uspi_1000";1
"873";"uspi_1001";1
"874";"uspi_1002";1
"875";"uspi_1003";1
"876";"uspi_1004";1
"877";"uspi_1005";1
"878";"uspi_1006";1
"879";"uspi_1007";1
"880";"uspi_1008";1
"881";"uspi_1009";1
"882";"uspi_101";1
"883";"uspi_1010";1
"884";"uspi_102";1
"885";"uspi_103";1
"886";"uspi_104";1
"887";"uspi_105";1
"888";"uspi_106";1
"889";"uspi_107";1
"890";"uspi_108";1
"891";"uspi_109";1
"892";"uspi_11";1
"893";"uspi_110";1
"894";"uspi_111";1
"895";"uspi_112";1
"896";"uspi_113";1
"897";"uspi_114";1
"898";"uspi_115";1
"899";"uspi_116";1
"900";"uspi_117";1
"901";"uspi_118";1
"902";"uspi_119";1
"903";"uspi_12";1
"904";"uspi_120";1
"905";"uspi_121";1
"906";"uspi_122";1
"907";"uspi_123";1
"908";"uspi_124";1
"909";"uspi_125";1
"910";"uspi_126";1
"911";"uspi_127";1
"912";"uspi_128";1
"913";"uspi_129";1
"914";"uspi_13";1
"915";"uspi_130";1
"916";"uspi_131";1
"917";"uspi_132";1
"918";"uspi_133";1
"919";"uspi_134";1
"920";"uspi_135";1
"921";"uspi_136";1
"922";"uspi_137";1
"923";"uspi_138";1
"924";"uspi_139";1
"925";"uspi_14";1
"926";"uspi_140";1
"927";"uspi_141";1
"928";"uspi_142";1
"929";"uspi_143";1
"930";"uspi_144";1
"931";"uspi_145";1
"932";"uspi_146";1
"933";"uspi_147";1
"934";"uspi_148";1
"935";"uspi_149";1
"936";"uspi_15";1
"937";"uspi_150";1
"938";"uspi_151";1
"939";"uspi_152";1
"940";"uspi_153";1
"941";"uspi_154";1
"942";"uspi_155";1
"943";"uspi_156";1
"944";"uspi_157";1
"945";"uspi_158";1
"946";"uspi_159";1
"947";"uspi_16";1
"948";"uspi_160";1
"949";"uspi_161";1
"950";"uspi_162";1
"951";"uspi_163";1
"952";"uspi_164";1
"953";"uspi_165";1
"954";"uspi_166";1
"955";"uspi_167";1
"956";"uspi_168";1
"957";"uspi_169";1
"958";"uspi_17";1
"959";"uspi_170";1
"960";"uspi_171";1
"961";"uspi_172";1
"962";"uspi_173";1
"963";"uspi_174";1
"964";"uspi_175";1
"965";"uspi_176";1
"966";"uspi_177";1
"967";"uspi_178";1
"968";"uspi_179";1
"969";"uspi_18";1
"970";"uspi_180";1
"971";"uspi_181";1
"972";"uspi_182";1
"973";"uspi_183";1
"974";"uspi_184";1
"975";"uspi_185";1
"976";"uspi_186";1
"977";"uspi_187";1
"978";"uspi_188";1
"979";"uspi_189";1
"980";"uspi_19";1
"981";"uspi_190";1
"982";"uspi_191";1
"983";"uspi_192";1
"984";"uspi_193";1
"985";"uspi_194";1
"986";"uspi_195";1
"987";"uspi_196";1
"988";"uspi_197";1
"989";"uspi_198";1
"990";"uspi_199";1
"991";"uspi_2";1
"992";"uspi_20";1
"993";"uspi_200";1
"994";"uspi_201";1
"995";"uspi_202";1
"996";"uspi_203";1
"997";"uspi_204";1
"998";"uspi_205";1
"999";"uspi_206";1
"1000";"uspi_207";1
"1001";"uspi_208";1
"1002";"uspi_209";1
"1003";"uspi_21";1
"1004";"uspi_210";1
"1005";"uspi_211";1
"1006";"uspi_212";1
"1007";"uspi_213";1
"1008";"uspi_214";1
"1009";"uspi_215";1
"1010";"uspi_216";1
"1011";"uspi_217";1
"1012";"uspi_218";1
"1013";"uspi_219";1
"1014";"uspi_22";1
"1015";"uspi_220";1
"1016";"uspi_221";1
"1017";"uspi_222";1
"1018";"uspi_223";1
"1019";"uspi_224";1
"1020";"uspi_225";1
"1021";"uspi_226";1
"1022";"uspi_227";1
"1023";"uspi_228";1
"1024";"uspi_229";1
"1025";"uspi_23";1
"1026";"uspi_230";1
"1027";"uspi_231";1
"1028";"uspi_232";1
"1029";"uspi_233";1
"1030";"uspi_234";1
"1031";"uspi_235";1
"1032";"uspi_236";1
"1033";"uspi_237";1
"1034";"uspi_238";1
"1035";"uspi_239";1
"1036";"uspi_24";1
"1037";"uspi_240";1
"1038";"uspi_241";1
"1039";"uspi_242";1
"1040";"uspi_243";1
"1041";"uspi_244";1
"1042";"uspi_245";1
"1043";"uspi_246";1
"1044";"uspi_247";1
"1045";"uspi_248";1
"1046";"uspi_249";1
"1047";"uspi_25";1
"1048";"uspi_250";1
"1049";"uspi_251";1
"1050";"uspi_252";1
"1051";"uspi_253";1
"1052";"uspi_254";1
"1053";"uspi_255";1
"1054";"uspi_256";1
"1055";"uspi_257";1
"1056";"uspi_258";1
"1057";"uspi_259";1
"1058";"uspi_26";1
"1059";"uspi_260";1
"1060";"uspi_261";1
"1061";"uspi_262";1
"1062";"uspi_263";1
"1063";"uspi_264";1
"1064";"uspi_265";1
"1065";"uspi_266";1
"1066";"uspi_267";1
"1067";"uspi_268";1
"1068";"uspi_269";1
"1069";"uspi_27";1
"1070";"uspi_270";1
"1071";"uspi_271";1
"1072";"uspi_272";1
"1073";"uspi_273";1
"1074";"uspi_274";1
"1075";"uspi_275";1
"1076";"uspi_276";1
"1077";"uspi_277";1
"1078";"uspi_278";1
"1079";"uspi_279";1
"1080";"uspi_28";1
"1081";"uspi_280";1
"1082";"uspi_281";1
"1083";"uspi_282";1
"1084";"uspi_283";1
"1085";"uspi_284";1
"1086";"uspi_285";1
"1087";"uspi_286";1
"1088";"uspi_287";1
"1089";"uspi_288";1
"1090";"uspi_289";1
"1091";"uspi_29";1
"1092";"uspi_290";1
"1093";"uspi_291";1
"1094";"uspi_292";1
"1095";"uspi_293";1
"1096";"uspi_294";1
"1097";"uspi_295";1
"1098";"uspi_296";1
"1099";"uspi_297";1
"1100";"uspi_298";1
"1101";"uspi_299";1
"1102";"uspi_3";1
"1103";"uspi_30";1
"1104";"uspi_300";1
"1105";"uspi_301";1
"1106";"uspi_302";1
"1107";"uspi_303";1
"1108";"uspi_304";1
"1109";"uspi_305";1
"1110";"uspi_306";1
"1111";"uspi_307";1
"1112";"uspi_308";1
"1113";"uspi_309";1
"1114";"uspi_31";1
"1115";"uspi_310";1
"1116";"uspi_311";1
"1117";"uspi_312";1
"1118";"uspi_313";1
"1119";"uspi_314";1
"1120";"uspi_315";1
"1121";"uspi_316";1
"1122";"uspi_317";1
"1123";"uspi_318";1
"1124";"uspi_319";1
"1125";"uspi_32";1
"1126";"uspi_320";1
"1127";"uspi_321";1
"1128";"uspi_322";1
"1129";"uspi_323";1
"1130";"uspi_324";1
"1131";"uspi_325";1
"1132";"uspi_326";1
"1133";"uspi_327";1
"1134";"uspi_328";1
"1135";"uspi_329";1
"1136";"uspi_33";1
"1137";"uspi_330";1
"1138";"uspi_331";1
"1139";"uspi_332";1
"1140";"uspi_333";1
"1141";"uspi_334";1
"1142";"uspi_335";1
"1143";"uspi_336";1
"1144";"uspi_337";1
"1145";"uspi_338";1
"1146";"uspi_339";1
"1147";"uspi_34";1
"1148";"uspi_340";1
"1149";"uspi_341";1
"1150";"uspi_342";1
"1151";"uspi_343";1
"1152";"uspi_344";1
"1153";"uspi_345";1
"1154";"uspi_346";1
"1155";"uspi_347";1
"1156";"uspi_348";1
"1157";"uspi_349";1
"1158";"uspi_35";1
"1159";"uspi_350";1
"1160";"uspi_351";1
"1161";"uspi_352";1
"1162";"uspi_353";1
"1163";"uspi_354";1
"1164";"uspi_355";1
"1165";"uspi_356";1
"1166";"uspi_357";1
"1167";"uspi_358";1
"1168";"uspi_359";1
"1169";"uspi_36";1
"1170";"uspi_360";1
"1171";"uspi_361";1
"1172";"uspi_362";1
"1173";"uspi_363";1
"1174";"uspi_364";1
"1175";"uspi_365";1
"1176";"uspi_366";1
"1177";"uspi_367";1
"1178";"uspi_368";1
"1179";"uspi_369";1
"1180";"uspi_37";1
"1181";"uspi_370";1
"1182";"uspi_371";1
"1183";"uspi_372";1
"1184";"uspi_373";1
"1185";"uspi_374";1
"1186";"uspi_375";1
"1187";"uspi_376";1
"1188";"uspi_377";1
"1189";"uspi_378";1
"1190";"uspi_379";1
"1191";"uspi_38";1
"1192";"uspi_380";1
"1193";"uspi_381";1
"1194";"uspi_382";1
"1195";"uspi_383";1
"1196";"uspi_384";1
"1197";"uspi_385";1
"1198";"uspi_386";1
"1199";"uspi_387";1
"1200";"uspi_388";1
"1201";"uspi_389";1
"1202";"uspi_39";1
"1203";"uspi_390";1
"1204";"uspi_391";1
"1205";"uspi_392";1
"1206";"uspi_393";1
"1207";"uspi_394";1
"1208";"uspi_395";1
"1209";"uspi_396";1
"1210";"uspi_397";1
"1211";"uspi_398";1
"1212";"uspi_399";1
"1213";"uspi_4";1
"1214";"uspi_40";1
"1215";"uspi_400";1
"1216";"uspi_401";1
"1217";"uspi_402";1
"1218";"uspi_403";1
"1219";"uspi_404";1
"1220";"uspi_405";1
"1221";"uspi_406";1
"1222";"uspi_407";1
"1223";"uspi_408";1
"1224";"uspi_409";1
"1225";"uspi_41";1
"1226";"uspi_410";1
"1227";"uspi_411";1
"1228";"uspi_412";1
"1229";"uspi_413";1
"1230";"uspi_414";1
"1231";"uspi_415";1
"1232";"uspi_416";1
"1233";"uspi_417";1
"1234";"uspi_418";1
"1235";"uspi_419";1
"1236";"uspi_42";1
"1237";"uspi_420";1
"1238";"uspi_421";1
"1239";"uspi_422";1
"1240";"uspi_423";1
"1241";"uspi_424";1
"1242";"uspi_425";1
"1243";"uspi_426";1
"1244";"uspi_427";1
"1245";"uspi_428";1
"1246";"uspi_429";1
"1247";"uspi_43";1
"1248";"uspi_430";1
"1249";"uspi_431";1
"1250";"uspi_432";1
"1251";"uspi_433";1
"1252";"uspi_434";1
"1253";"uspi_435";1
"1254";"uspi_436";1
"1255";"uspi_437";1
"1256";"uspi_438";1
"1257";"uspi_439";1
"1258";"uspi_44";1
"1259";"uspi_440";1
"1260";"uspi_441";1
"1261";"uspi_442";1
"1262";"uspi_443";1
"1263";"uspi_444";1
"1264";"uspi_445";1
"1265";"uspi_446";1
"1266";"uspi_447";1
"1267";"uspi_448";1
"1268";"uspi_449";1
"1269";"uspi_45";1
"1270";"uspi_450";1
"1271";"uspi_451";1
"1272";"uspi_452";1
"1273";"uspi_453";1
"1274";"uspi_454";1
"1275";"uspi_455";1
"1276";"uspi_456";1
"1277";"uspi_457";1
"1278";"uspi_458";1
"1279";"uspi_459";1
"1280";"uspi_46";1
"1281";"uspi_460";1
"1282";"uspi_461";1
"1283";"uspi_462";1
"1284";"uspi_463";1
"1285";"uspi_464";1
"1286";"uspi_465";1
"1287";"uspi_466";1
"1288";"uspi_467";1
"1289";"uspi_468";1
"1290";"uspi_469";1
"1291";"uspi_47";1
"1292";"uspi_470";1
"1293";"uspi_471";1
"1294";"uspi_472";1
"1295";"uspi_473";1
"1296";"uspi_474";1
"1297";"uspi_475";1
"1298";"uspi_476";1
"1299";"uspi_477";1
"1300";"uspi_478";1
"1301";"uspi_479";1
"1302";"uspi_48";1
"1303";"uspi_480";1
"1304";"uspi_481";1
"1305";"uspi_482";1
"1306";"uspi_483";1
"1307";"uspi_484";1
"1308";"uspi_485";1
"1309";"uspi_486";1
"1310";"uspi_487";1
"1311";"uspi_488";1
"1312";"uspi_489";1
"1313";"uspi_49";1
"1314";"uspi_490";1
"1315";"uspi_491";1
"1316";"uspi_492";1
"1317";"uspi_493";1
"1318";"uspi_494";1
"1319";"uspi_495";1
"1320";"uspi_496";1
"1321";"uspi_497";1
"1322";"uspi_498";1
"1323";"uspi_499";1
"1324";"uspi_5";1
"1325";"uspi_50";1
"1326";"uspi_500";1
"1327";"uspi_501";1
"1328";"uspi_502";1
"1329";"uspi_503";1
"1330";"uspi_504";1
"1331";"uspi_505";1
"1332";"uspi_506";1
"1333";"uspi_507";1
"1334";"uspi_508";1
"1335";"uspi_509";1
"1336";"uspi_51";1
"1337";"uspi_510";1
"1338";"uspi_511";1
"1339";"uspi_512";1
"1340";"uspi_513";1
"1341";"uspi_514";1
"1342";"uspi_515";1
"1343";"uspi_516";1
"1344";"uspi_517";1
"1345";"uspi_518";1
"1346";"uspi_519";1
"1347";"uspi_52";1
"1348";"uspi_520";1
"1349";"uspi_521";1
"1350";"uspi_522";1
"1351";"uspi_523";1
"1352";"uspi_524";1
"1353";"uspi_525";1
"1354";"uspi_526";1
"1355";"uspi_527";1
"1356";"uspi_528";1
"1357";"uspi_529";1
"1358";"uspi_53";1
"1359";"uspi_530";1
"1360";"uspi_531";1
"1361";"uspi_532";1
"1362";"uspi_533";1
"1363";"uspi_534";1
"1364";"uspi_535";1
"1365";"uspi_536";1
"1366";"uspi_537";1
"1367";"uspi_538";1
"1368";"uspi_539";1
"1369";"uspi_54";1
"1370";"uspi_540";1
"1371";"uspi_541";1
"1372";"uspi_542";1
"1373";"uspi_543";1
"1374";"uspi_544";1
"1375";"uspi_545";1
"1376";"uspi_546";1
"1377";"uspi_547";1
"1378";"uspi_548";1
"1379";"uspi_549";1
"1380";"uspi_55";1
"1381";"uspi_550";1
"1382";"uspi_551";1
"1383";"uspi_552";1
"1384";"uspi_553";1
"1385";"uspi_554";1
"1386";"uspi_555";1
"1387";"uspi_556";1
"1388";"uspi_557";1
"1389";"uspi_558";1
"1390";"uspi_559";1
"1391";"uspi_56";1
"1392";"uspi_560";1
"1393";"uspi_561";1
"1394";"uspi_562";1
"1395";"uspi_563";1
"1396";"uspi_564";1
"1397";"uspi_565";1
"1398";"uspi_566";1
"1399";"uspi_567";1
"1400";"uspi_568";1
"1401";"uspi_569";1
"1402";"uspi_57";1
"1403";"uspi_570";1
"1404";"uspi_571";1
"1405";"uspi_572";1
"1406";"uspi_573";1
"1407";"uspi_574";1
"1408";"uspi_575";1
"1409";"uspi_576";1
"1410";"uspi_577";1
"1411";"uspi_578";1
"1412";"uspi_579";1
"1413";"uspi_58";1
"1414";"uspi_580";1
"1415";"uspi_581";1
"1416";"uspi_582";1
"1417";"uspi_583";1
"1418";"uspi_584";1
"1419";"uspi_585";1
"1420";"uspi_586";1
"1421";"uspi_587";1
"1422";"uspi_588";1
"1423";"uspi_589";1
"1424";"uspi_59";1
"1425";"uspi_590";1
"1426";"uspi_591";1
"1427";"uspi_592";1
"1428";"uspi_593";1
"1429";"uspi_594";1
"1430";"uspi_595";1
"1431";"uspi_596";1
"1432";"uspi_597";1
"1433";"uspi_598";1
"1434";"uspi_599";1
"1435";"uspi_6";1
"1436";"uspi_60";1
"1437";"uspi_600";1
"1438";"uspi_601";1
"1439";"uspi_602";1
"1440";"uspi_603";1
"1441";"uspi_604";1
"1442";"uspi_605";1
"1443";"uspi_606";1
"1444";"uspi_607";1
"1445";"uspi_608";1
"1446";"uspi_609";1
"1447";"uspi_61";1
"1448";"uspi_610";1
"1449";"uspi_611";1
"1450";"uspi_612";1
"1451";"uspi_613";1
"1452";"uspi_614";1
"1453";"uspi_615";1
"1454";"uspi_616";1
"1455";"uspi_617";1
"1456";"uspi_618";1
"1457";"uspi_619";1
"1458";"uspi_62";1
"1459";"uspi_620";1
"1460";"uspi_621";1
"1461";"uspi_622";1
"1462";"uspi_623";1
"1463";"uspi_624";1
"1464";"uspi_625";1
"1465";"uspi_626";1
"1466";"uspi_627";1
"1467";"uspi_628";1
"1468";"uspi_629";1
"1469";"uspi_63";1
"1470";"uspi_630";1
"1471";"uspi_631";1
"1472";"uspi_632";1
"1473";"uspi_633";1
"1474";"uspi_634";1
"1475";"uspi_635";1
"1476";"uspi_636";1
"1477";"uspi_637";1
"1478";"uspi_638";1
"1479";"uspi_639";1
"1480";"uspi_64";1
"1481";"uspi_640";1
"1482";"uspi_641";1
"1483";"uspi_642";1
"1484";"uspi_643";1
"1485";"uspi_644";1
"1486";"uspi_645";1
"1487";"uspi_646";1
"1488";"uspi_647";1
"1489";"uspi_648";1
"1490";"uspi_649";1
"1491";"uspi_65";1
"1492";"uspi_650";1
"1493";"uspi_651";1
"1494";"uspi_652";1
"1495";"uspi_653";1
"1496";"uspi_654";1
"1497";"uspi_655";1
"1498";"uspi_656";1
"1499";"uspi_657";1
"1500";"uspi_658";1
"1501";"uspi_659";1
"1502";"uspi_66";1
"1503";"uspi_660";1
"1504";"uspi_661";1
"1505";"uspi_662";1
"1506";"uspi_663";1
"1507";"uspi_664";1
"1508";"uspi_665";1
"1509";"uspi_666";1
"1510";"uspi_667";1
"1511";"uspi_668";1
"1512";"uspi_669";1
"1513";"uspi_67";1
"1514";"uspi_670";1
"1515";"uspi_671";1
"1516";"uspi_672";1
"1517";"uspi_673";1
"1518";"uspi_674";1
"1519";"uspi_675";1
"1520";"uspi_676";1
"1521";"uspi_677";1
"1522";"uspi_678";1
"1523";"uspi_679";1
"1524";"uspi_68";1
"1525";"uspi_680";1
"1526";"uspi_681";1
"1527";"uspi_682";1
"1528";"uspi_683";1
"1529";"uspi_684";1
"1530";"uspi_685";1
"1531";"uspi_686";1
"1532";"uspi_687";1
"1533";"uspi_688";1
"1534";"uspi_689";1
"1535";"uspi_69";1
"1536";"uspi_690";1
"1537";"uspi_691";1
"1538";"uspi_692";1
"1539";"uspi_693";1
"1540";"uspi_694";1
"1541";"uspi_695";1
"1542";"uspi_696";1
"1543";"uspi_697";1
"1544";"uspi_698";1
"1545";"uspi_699";1
"1546";"uspi_7";1
"1547";"uspi_70";1
"1548";"uspi_700";1
"1549";"uspi_701";1
"1550";"uspi_702";1
"1551";"uspi_703";1
"1552";"uspi_704";1
"1553";"uspi_705";1
"1554";"uspi_706";1
"1555";"uspi_707";1
"1556";"uspi_708";1
"1557";"uspi_709";1
"1558";"uspi_71";1
"1559";"uspi_710";1
"1560";"uspi_711";1
"1561";"uspi_712";1
"1562";"uspi_713";1
"1563";"uspi_714";1
"1564";"uspi_715";1
"1565";"uspi_716";1
"1566";"uspi_717";1
"1567";"uspi_718";1
"1568";"uspi_719";1
"1569";"uspi_72";1
"1570";"uspi_720";1
"1571";"uspi_721";1
"1572";"uspi_722";1
"1573";"uspi_723";1
"1574";"uspi_724";1
"1575";"uspi_725";1
"1576";"uspi_726";1
"1577";"uspi_727";1
"1578";"uspi_728";1
"1579";"uspi_729";1
"1580";"uspi_73";1
"1581";"uspi_730";1
"1582";"uspi_731";1
"1583";"uspi_732";1
"1584";"uspi_733";1
"1585";"uspi_734";1
"1586";"uspi_735";1
"1587";"uspi_736";1
"1588";"uspi_737";1
"1589";"uspi_738";1
"1590";"uspi_739";1
"1591";"uspi_74";1
"1592";"uspi_740";1
"1593";"uspi_741";1
"1594";"uspi_742";1
"1595";"uspi_743";1
"1596";"uspi_744";1
"1597";"uspi_745";1
"1598";"uspi_746";1
"1599";"uspi_747";1
"1600";"uspi_748";1
"1601";"uspi_749";1
"1602";"uspi_75";1
"1603";"uspi_750";1
"1604";"uspi_751";1
"1605";"uspi_752";1
"1606";"uspi_753";1
"1607";"uspi_754";1
"1608";"uspi_755";1
"1609";"uspi_756";1
"1610";"uspi_757";1
"1611";"uspi_758";1
"1612";"uspi_759";1
"1613";"uspi_76";1
"1614";"uspi_760";1
"1615";"uspi_761";1
"1616";"uspi_762";1
"1617";"uspi_763";1
"1618";"uspi_764";1
"1619";"uspi_765";1
"1620";"uspi_766";1
"1621";"uspi_767";1
"1622";"uspi_768";1
"1623";"uspi_769";1
"1624";"uspi_77";1
"1625";"uspi_770";1
"1626";"uspi_771";1
"1627";"uspi_772";1
"1628";"uspi_773";1
"1629";"uspi_774";1
"1630";"uspi_775";1
"1631";"uspi_776";1
"1632";"uspi_777";1
"1633";"uspi_778";1
"1634";"uspi_779";1
"1635";"uspi_78";1
"1636";"uspi_780";1
"1637";"uspi_781";1
"1638";"uspi_782";1
"1639";"uspi_783";1
"1640";"uspi_784";1
"1641";"uspi_785";1
"1642";"uspi_786";1
"1643";"uspi_787";1
"1644";"uspi_788";1
"1645";"uspi_789";1
"1646";"uspi_79";1
"1647";"uspi_790";1
"1648";"uspi_791";1
"1649";"uspi_792";1
"1650";"uspi_793";1
"1651";"uspi_794";1
"1652";"uspi_795";1
"1653";"uspi_796";1
"1654";"uspi_797";1
"1655";"uspi_798";1
"1656";"uspi_799";1
"1657";"uspi_8";1
"1658";"uspi_80";1
"1659";"uspi_800";1
"1660";"uspi_801";1
"1661";"uspi_802";1
"1662";"uspi_803";1
"1663";"uspi_804";1
"1664";"uspi_805";1
"1665";"uspi_806";1
"1666";"uspi_807";1
"1667";"uspi_808";1
"1668";"uspi_809";1
"1669";"uspi_81";1
"1670";"uspi_810";1
"1671";"uspi_811";1
"1672";"uspi_812";1
"1673";"uspi_813";1
"1674";"uspi_814";1
"1675";"uspi_815";1
"1676";"uspi_816";1
"1677";"uspi_817";1
"1678";"uspi_818";1
"1679";"uspi_819";1
"1680";"uspi_82";1
"1681";"uspi_820";1
"1682";"uspi_821";1
"1683";"uspi_822";1
"1684";"uspi_823";1
"1685";"uspi_824";1
"1686";"uspi_825";1
"1687";"uspi_826";1
"1688";"uspi_827";1
"1689";"uspi_828";1
"1690";"uspi_829";1
"1691";"uspi_83";1
"1692";"uspi_830";1
"1693";"uspi_831";1
"1694";"uspi_832";1
"1695";"uspi_833";1
"1696";"uspi_834";1
"1697";"uspi_835";1
"1698";"uspi_836";1
"1699";"uspi_837";1
"1700";"uspi_838";1
"1701";"uspi_839";1
"1702";"uspi_84";1
"1703";"uspi_840";1
"1704";"uspi_841";1
"1705";"uspi_842";1
"1706";"uspi_843";1
"1707";"uspi_844";1
"1708";"uspi_845";1
"1709";"uspi_846";1
"1710";"uspi_847";1
"1711";"uspi_848";1
"1712";"uspi_849";1
"1713";"uspi_85";1
"1714";"uspi_850";1
"1715";"uspi_851";1
"1716";"uspi_852";1
"1717";"uspi_853";1
"1718";"uspi_854";1
"1719";"uspi_855";1
"1720";"uspi_856";1
"1721";"uspi_857";1
"1722";"uspi_858";1
"1723";"uspi_859";1
"1724";"uspi_86";1
"1725";"uspi_860";1
"1726";"uspi_861";1
"1727";"uspi_862";1
"1728";"uspi_863";1
"1729";"uspi_864";1
"1730";"uspi_865";1
"1731";"uspi_866";1
"1732";"uspi_867";1
"1733";"uspi_868";1
"1734";"uspi_869";1
"1735";"uspi_87";1
"1736";"uspi_870";1
"1737";"uspi_871";1
"1738";"uspi_872";1
"1739";"uspi_873";1
"1740";"uspi_874";1
"1741";"uspi_875";1
"1742";"uspi_876";1
"1743";"uspi_877";1
"1744";"uspi_878";1
"1745";"uspi_879";1
"1746";"uspi_88";1
"1747";"uspi_880";1
"1748";"uspi_881";1
"1749";"uspi_882";1
"1750";"uspi_883";1
"1751";"uspi_884";1
"1752";"uspi_885";1
"1753";"uspi_886";1
"1754";"uspi_887";1
"1755";"uspi_888";1
"1756";"uspi_889";1
"1757";"uspi_89";1
"1758";"uspi_890";1
"1759";"uspi_891";1
"1760";"uspi_892";1
"1761";"uspi_893";1
"1762";"uspi_894";1
"1763";"uspi_895";1
"1764";"uspi_896";1
"1765";"uspi_897";1
"1766";"uspi_898";1
"1767";"uspi_899";1
"1768";"uspi_9";1
"1769";"uspi_90";1
"1770";"uspi_900";1
"1771";"uspi_901";1
"1772";"uspi_902";1
"1773";"uspi_903";1
"1774";"uspi_904";1
"1775";"uspi_905";1
"1776";"uspi_906";1
"1777";"uspi_907";1
"1778";"uspi_908";1
"1779";"uspi_909";1
"1780";"uspi_91";1
"1781";"uspi_910";1
"1782";"uspi_911";1
"1783";"uspi_912";1
"1784";"uspi_913";1
"1785";"uspi_914";1
"1786";"uspi_915";1
"1787";"uspi_916";1
"1788";"uspi_917";1
"1789";"uspi_918";1
"1790";"uspi_919";1
"1791";"uspi_92";1
"1792";"uspi_920";1
"1793";"uspi_921";1
"1794";"uspi_922";1
"1795";"uspi_923";1
"1796";"uspi_924";1
"1797";"uspi_925";1
"1798";"uspi_926";1
"1799";"uspi_927";1
"1800";"uspi_928";1
"1801";"uspi_929";1
"1802";"uspi_93";1
"1803";"uspi_930";1
"1804";"uspi_931";1
"1805";"uspi_932";1
"1806";"uspi_933";1
"1807";"uspi_934";1
"1808";"uspi_935";1
"1809";"uspi_936";1
"1810";"uspi_937";1
"1811";"uspi_938";1
"1812";"uspi_939";1
"1813";"uspi_94";1
"1814";"uspi_940";1
"1815";"uspi_941";1
"1816";"uspi_942";1
"1817";"uspi_943";1
"1818";"uspi_944";1
"1819";"uspi_945";1
"1820";"uspi_946";1
"1821";"uspi_947";1
"1822";"uspi_948";1
"1823";"uspi_949";1
"1824";"uspi_95";1
"1825";"uspi_950";1
"1826";"uspi_951";1
"1827";"uspi_952";1
"1828";"uspi_953";1
"1829";"uspi_954";1
"1830";"uspi_955";1
"1831";"uspi_956";1
"1832";"uspi_957";1
"1833";"uspi_958";1
"1834";"uspi_959";1
"1835";"uspi_96";1
"1836";"uspi_960";1
"1837";"uspi_961";1
"1838";"uspi_962";1
"1839";"uspi_963";1
"1840";"uspi_964";1
"1841";"uspi_965";1
"1842";"uspi_966";1
"1843";"uspi_967";1
"1844";"uspi_968";1
"1845";"uspi_969";1
"1846";"uspi_97";1
"1847";"uspi_970";1
"1848";"uspi_971";1
"1849";"uspi_972";1
"1850";"uspi_973";1
"1851";"uspi_974";1
"1852";"uspi_975";1
"1853";"uspi_976";1
"1854";"uspi_977";1
"1855";"uspi_978";1
"1856";"uspi_979";1
"1857";"uspi_98";1
"1858";"uspi_980";1
"1859";"uspi_981";1
"1860";"uspi_982";1
"1861";"uspi_983";1
"1862";"uspi_984";1
"1863";"uspi_985";1
"1864";"uspi_986";1
"1865";"uspi_987";1
"1866";"uspi_988";1
"1867";"uspi_989";1
"1868";"uspi_99";1
"1869";"uspi_990";1
"1870";"uspi_991";1
"1871";"uspi_992";1
"1872";"uspi_993";1
"1873";"uspi_994";1
"1874";"uspi_995";1
"1875";"uspi_996";1
"1876";"uspi_997";1
"1877";"uspi_998";1
"1878";"uspi_999";1
